<application>
  <component name="ProjectManager">
    <defaultProject>
      <component name="MavenImportPreferences">
        <option name="generalSettings">
          <MavenGeneralSettings>
            <option name="localRepository" value="D:\Repositories\mavenRepo" />
            <option name="mavenHome" value="D:/Tools/pro/apache-maven-3.5.3" />
            <option name="userSettingsFile" value="C:\Users\Taogen\.m2\settings.xml" />
          </MavenGeneralSettings>
        </option>
      </component>
      <component name="PropertiesComponent">
        <property name="settings.editor.selected.configurable" value="MavenSettings" />
      </component>
    </defaultProject>
  </component>
</application>